Quote,Freq
AAX,2
ABMB,4
ACME,2
ADVCON,10
ADVENTA,1
AEONCR,1
AFFIN,3
AHEALTH,3
AHP,2
AIRASIA,40
AIRPORT,31
AJIYA,1
ALAM,13
ALAQAR,3
ALSREIT,1
AMBANK,9
AMFIRST,1
AMTEK,6
AMVERTON,1
ANCOM,2
ANNJOO,7
APEX,2
APFT,2
APM,1
APOLLO,2
ARANK,1
ARK,1
ARMADA,14
ARREIT,3
ASIABRN,1
ASIAPAC,2
ASTINO,1
ASTRO,12
ATAIMS,5
ATLAN,1
ATTA,1
ATURMJU,11
AVI,1
AWC,6
AXIATA,15
AXREIT,5
AYER,3
AZRB,1
BARAKAH,3
BAT,2
BAUTO,14
BCB,1
BDB,8
BENALEC,3
BERTAM,2
BHIC,3
BIG,2
BIMB,9
BIOOSMO,8
BIPORT,2
BJASSET,2
BJCORP,5
BJFOOD,14
BJLAND,1
BJMEDIA,3
BJTOTO,11
BKAWAN,1
BONIA,1
BORNOIL,3
BOXPAK,1
BRAHIMS,7
BREM,2
BSLCORP,1
BSTEAD,8
BTM,8
BURSA,2
CAELY,1
CANONE,5
CAP,1
CARIMIN,5
CARLSBG,12
CBIP,2
CCB,1
CCK,1
CCM,3
CCMDBIO,2
CENSOF,6
CHGP,3
CHHB,1
CHINHIN,1
CHINWEL,1
CHOOBEE,3
CIHLDG,1
CIMB,10
CJCEN,1
CME,1
CMMT,4
CMSB,22
CNASIA,1
CNI,1
CNOUHUA,2
COASTAL,8
COCOLND,1
COMCORP,9
COMFORT,3
CRESBLD,6
CRESNDO,2
CSCSTEL,1
CSL,2
CVIEW,1
CWG,1
CYPARK,7
DAIBOCI,8
DANCO,5
DAYANG,21
DBHD,3
DESTINI,7
DIALOG,6
DIGI,3
DKLS,1
DKSH,3
DLADY,3
DNEX,5
DOLPHIN,3
DOMINAN,1
DPS,1
DRBHCOM,19
DSONIC,4
DUFU,4
DWL,4
E&O,6
EASTLND,4
EATECH,2
ECM,3
ECONBHD,19
ECOWLD,6
EDARAN,1
EDEN,2
EDGENTA,7
EG,1
EKA,1
EKOVEST,8
EMETALL,2
EMICO,1
ENCORP,4
ENGTEX,2
ENRA,2
EUPE,1
EURO,4
EWEIN,1
EWINT,6
F&N,1
FAJAR,6
FARLIM,1
FAVCO,1
FGV,26
FIHB,3
FITTERS,2
FPGROUP,1
FREIGHT,1
G3,7
GADANG,6
GAMUDA,25
GASMSIA,6
GBGAQRS,7
GENM,13
GENP,1
GENTING,30
GETS,4
GKENT,14
GLBHD,1
GLOMAC,6
GLOTEC,4
GOODWAY,1
GPA,3
GSB,1
GTRONIC,2
GUNUNG,2
HAIO,5
HALEX,5
HANDAL,1
HARISON,1
HARNLEN,7
HARTA,8
HBGLOB,3
HCK,2
HEIM,4
HEKTAR,3
HENGYUAN,3
HEVEA,1
HEXZA,1
HIAPTEK,3
HIBISCS,11
HIGHTEC,1
HIL,3
HLBANK,6
HLFG,1
HOHUP,4
HOKHENG,6
HSL,2
HTPADU,7
HUAAN,4
HUAYANG,1
HUMEIND,3
ICON,8
IGBREIT,4
IHH,20
IJM,12
IJMPLNT,1
IKHMAS,2
ILB,1
IOICORP,2
IOIPG,1
IREKA,2
IRETEX,4
ITRONIC,2
IWCITY,10
JAKS,3
JAYCORP,4
JCY,6
JERASIA,1
JETSON,2
JOHAN,2
JOHOTIN,1
JTIASA,2
KAREX,5
KBUNAI,1
KENANGA,2
KERJAYA,2
KESM,10
KFM,1
KIANJOO,5
KIMLUN,3
KIPREIT,4
KKB,10
KLCC,5
KMLOONG,2
KNM,13
KOBAY,2
KOMARK,3
KOSSAN,1
KPJ,6
KPOWER,1
KPS,2
KPSCB,1
KSENG,1
KSSC,3
KSTAR,2
KTB,5
KUB,9
KWANTAS,1
KYM,1
L&G,3
LAFMSIA,21
LATITUD,1
LAYHONG,1
LBALUM,2
LBICAP,3
LBS,2
LCTITAN,10
LEESK,1
LEONFB,1
LEWEKO,3
LFECORP,3
LIENHOE,1
LIIHEN,1
LIONIND,3
LITRAK,1
LONBISC,2
LPI,1
LTKM,3
LUSTER,4
LYSAGHT,1
M&G,2
MAA,1
MAGNI,10
MAGNUM,2
MAHSING,9
MALAKOF,5
MALTON,2
MANULFE,1
MARCO,1
MASTEEL,4
MASTER,4
MATRIX,11
MAXIS,11
MAXWELL,3
MAYBANK,15
MAYBULK,1
MBL,1
MBMR,4
MBSB,1
MBWORLD,3
MCEHLDG,4
MCT,2
MEDAINC,1
MEDIA,2
MEDIAC,5
MELATI,1
MENTIGA,1
MERCURY,1
MESB,1
MFCB,1
MFLOUR,3
MGB,3
MHB,12
MHC,1
MIECO,3
MINETEC,3
MINHO,1
MISC,1
MITRA,2
MJPERAK,6
MKH,2
MKLAND,1
MMCCORP,8
MPCORP,2
MPI,3
MQREIT,2
MRCB,7
MSC,1
MSM,2
MSNIAGA,1
MSPORTS,3
MTDACPI,3
MUDAJYA,6
MUH,1
MUHIBAH,3
MUIPROP,1
MULPHA,4
MYNEWS,8
NAIM,9
NATWIDE,1
NESTLE,4
NGGB,2
NHFATT,2
NIHSIN,1
NTPM,2
NWP,9
NYLEX,3
OCR,4
OFI,2
OKA,2
OLYMPIA,2
OMESTI,1
ORIENT,1
ORNA,4
PADINI,3
PANAMY,1
PANSAR,6
PANTECH,1
PARAMON,5
PARKSON,3
PAVREIT,2
PBA,1
PBBANK,7
PCCS,8
PCHEM,12
PDZ,2
PECCA,6
PELIKAN,1
PENERGY,8
PENSONI,1
PENTA,9
PERDANA,9
PERMAJU,1
PERSTIM,2
PESONA,8
PESTECH,2
PETGAS,2
PETRONM,3
PHARMA,6
PHB,2
PICORP,10
PIE,3
PLB,1
PLENITU,1
PLS,4
PMBTECH,1
PMETAL,1
PMHLDG,2
POHKONG,4
POHUAT,4
POLY,2
POS,1
PPB,6
PPG,2
PPHB,5
PRESBHD,12
PRESTAR,9
PRG,2
PRKCORP,2
PRLEXUS,1
PRTASCO,3
PSIPTEK,1
PTARAS,3
PUNCAK,2
PWORTH,3
PWROOT,3
QL,1
QUALITY,1
RANHILL,4
RAPID,3
RCECAP,1
REACH,1
REX,6
RHBBANK,22
RHONEMA,1
ROHAS,1
RUBEREX,1
SALCON,13
SAM,1
SANBUMI,5
SAPIND,6
SAPNRG,23
SAPRES,2
SASBADI,6
SCABLE,5
SCGM,10
SCIB,1
SCIENTX,15
SCNWOLF,1
SCOMI,8
SCOMIES,11
SDRED,4
SEACERA,4
SEAL,1
SEALINK,4
SEB,1
SEM,2
SENDAI,9
SERBADK,9
SERNKOU,1
SHANG,1
SHH,1
SIGGAS,11
SIGN,3
SIME,6
SIMEPLT,8
SIMEPROP,7
SINOTOP,1
SKBSHUT,1
SLP,1
SMCAP,1
SMI,1
SNTORIA,1
SOLID,2
SOP,2
SPB,3
SPRITZER,1
SPSETIA,5
SSTEEL,2
STAR,3
STONE,2
SUBUR,1
SUCCESS,3
SUMATEC,3
SUNCON,18
SUNREIT,11
SUNSURIA,1
SUNWAY,11
SUPERMX,2
SURIA,1
SWKPLNT,1
SYCAL,4
SYF,1
SYMLIFE,1
SYSCORP,2
T7GLOBAL,18
TAFI,1
TAGB,4
TAKAFUL,5
TALAMT,4
TALIWRK,8
TAMBUN,5
TANCO,2
TAS,2
TASCO,7
TASEK,3
TAWIN,6
TDM,1
TECGUAN,9
TENAGA,30
TEOSENG,2
TEXCHEM,6
THHEAVY,2
THRIVEN,2
TIENWAH,3
TIGER,2
TIMECOM,7
TIMWELL,1
TITIJYA,2
TM,15
TNLOGIS,2
TOCEAN,1
TOMEI,1
TOMYPAK,1
TONGHER,1
TOPGLOV,35
TOYOINK,1
TRC,2
TSH,3
TUNEPRO,3
TURBO,3
TWRREIT,2
UCHITEC,3
UEMS,7
UMCCA,2
UMW,6
UNIMECH,5
UOADEV,1
UOAREIT,1
UTUSAN,8
UZMA,11
VELESTO,4
VERTICE,5
VIZIONE,3
VS,14
VSTECS,1
WASEONG,9
WCEHB,7
WCT,10
WONG,1
WPRTS,1
WTK,4
XDL,1
XINHWA,1
XINQUAN,2
YEELEE,1
YFG,3
YINSON,19
YKGI,2
YLI,2
YNHPROP,2
YOCB,1
YONGTAI,2
YSPSAH,1
YTL,5
YTLPOWR,2
ZECON,4
ZELAN,6
