<?xml version="1.0" encoding="utf-8"?>
<Score>
   <Producer>
      <Name> SAS Enterprise Miner </Name>
      <Version> 6.1 </Version>
   </Producer>
   <TargetList>
   </TargetList>
   <CFunction>
      <Name>  score </Name>
      <Parameter>
         <Type> Parm*  </Type>
         <NumElements> 1 </NumElements>
      </Parameter>
      <Parameter>
          <Type> Parm*  </Type>
          <NumElements> 14 </NumElements>
        </Parameter>
    </CFunction>
   <Input count="1">
      <Variable index="0">
         <Name> BRENTCRUDE </Name>
         <Type> double </Type>
      </Variable>
   </Input>
   <Output count="14">
      <Variable index="0">
         <Name> EM_CLASSIFICATION </Name>
         <Type length="32"> char </Type>
         <Description>
            <![CDATA[Prediction for AIRASIA_tgt]]>
         </Description>
      </Variable>
      <Variable index="1">
         <Name> EM_EVENTPROBABILITY </Name>
         <Type> double </Type>
         <Description>
            <![CDATA[Probability for level 1 of AIRASIA_tgt]]>
         </Description>
      </Variable>
      <Variable index="2">
         <Name> EM_PROBABILITY </Name>
         <Type> double </Type>
         <Description>
            <![CDATA[Probability of Classification]]>
         </Description>
      </Variable>
      <Variable index="3">
         <Name> EM_SEGMENT </Name>
         <Type> double </Type>
         <Description>
            <![CDATA[Node]]>
         </Description>
      </Variable>
      <Variable index="4">
         <Name> I_AIRASIA_TGT </Name>
         <Type length="12"> char </Type>
         <Description>
            <![CDATA[Into: AIRASIA_tgt]]>
         </Description>
      </Variable>
      <Variable index="5">
         <Name> P_AIRASIA_TGT0 </Name>
         <Type> double </Type>
         <Description>
            <![CDATA[Predicted: AIRASIA_tgt=0]]>
         </Description>
      </Variable>
      <Variable index="6">
         <Name> P_AIRASIA_TGT1 </Name>
         <Type> double </Type>
         <Description>
            <![CDATA[Predicted: AIRASIA_tgt=1]]>
         </Description>
      </Variable>
      <Variable index="7">
         <Name> Q_AIRASIA_TGT0 </Name>
         <Type> double </Type>
         <Description>
            <![CDATA[Unadjusted P: AIRASIA_tgt=0]]>
         </Description>
      </Variable>
      <Variable index="8">
         <Name> Q_AIRASIA_TGT1 </Name>
         <Type> double </Type>
         <Description>
            <![CDATA[Unadjusted P: AIRASIA_tgt=1]]>
         </Description>
      </Variable>
      <Variable index="9">
         <Name> U_AIRASIA_TGT </Name>
         <Type> double </Type>
         <Description>
            <![CDATA[Unnormalized Into: AIRASIA_tgt]]>
         </Description>
      </Variable>
      <Variable index="10">
         <Name> V_AIRASIA_TGT0 </Name>
         <Type> double </Type>
         <Description>
            <![CDATA[Validated: AIRASIA_tgt=0]]>
         </Description>
      </Variable>
      <Variable index="11">
         <Name> V_AIRASIA_TGT1 </Name>
         <Type> double </Type>
         <Description>
            <![CDATA[Validated: AIRASIA_tgt=1]]>
         </Description>
      </Variable>
      <Variable index="12">
         <Name> _NODE_ </Name>
         <Type> double </Type>
         <Description>
            <![CDATA[Node]]>
         </Description>
      </Variable>
      <Variable index="13">
         <Name> _WARN_ </Name>
         <Type length="4"> char </Type>
         <Description>
            <![CDATA[Warnings]]>
         </Description>
      </Variable>
   </Output>
</Score>
